부문,총괄본부,본부,부서,사원번호,사원명,직위,직책,이메일,휴대전화번호,전화번호
DX본부,IT운영팀,운영파트,운영파트,222449,김민지B,사원,팀원,minjeek@ajnet.co.kr,01040374208,X
DX본부,IT운영팀,운영파트,운영파트,222463,문경민,대리,팀원,jaymoon@ajnet.co.kr,01043634263,X
DX본부,IT운영팀,운영파트,운영파트,223124,김지현,사원,팀원,kimjhyeon@ajnet.co.kr,01045708273,X
DX본부,IT운영팀,운영파트,운영파트,223125,김지영,사원,팀원,kjy1217@ajnet.co.kr,01064165867,X
DX본부,IT운영팀,운영파트,운영파트,223272,공현주,사원,팀원,hj.kong@ajnet.co.kr,01099662261,X
DX본부,IT운영팀,운영파트,운영파트,224211,김기영,사원,팀원,giyoungkim@ajnet.co.kr,01026985337,X
DX본부,IT운영팀,운영파트,운영파트,224284,인재훈,과장,파트장,planthoon@ajnet.co.kr,01047721887,X
DX본부,IT운영팀,운영파트,운영파트,224285,이유진,사원,팀원,yjlee0118@ajnet.co.kr,01093693208,X
DX본부,IT운영팀,인프라파트,인프라파트,222446,김지훈,과장,파트장,jihoon@ajnet.co.kr,01094477800,X
DX본부,IT운영팀,인프라파트,인프라파트,223273,민체화,사원,팀원,chmin@ajnet.co.kr,01044475437,X
DX본부,IT운영팀,인프라파트,인프라파트,224313,김정민,사원,팀원,jmkim96@ajnet.co.kr,01045823302,X
DX본부,QA혁신팀,QA혁신팀,222299,방문규,부장,팀장,mkbang@ajnet.co.kr,01063638519,X,
DX본부,QA혁신팀,혁신파트,혁신파트,222454,김세정,차장,파트장,sejeongk@ajnet.co.kr,01090645494,X
DX본부,QA혁신팀,혁신파트,혁신파트,223264,김영준,과장,팀원,youngjoon.kim@ajnet.co.kr,01036730643,X
DX본부,QA혁신팀,혁신파트,혁신파트,224147,김희수,사원,팀원,kimhs@ajnet.co.kr,01083271361,X
DX본부,QA혁신팀,QA파트,QA파트,224005,김태우,과장,파트장,tw.kim@ajnet.co.kr,01045968306,X
DX본부,QA혁신팀,QA파트,QA파트,225016,장성현,대리,팀원,seonghyun.jang@ajnet.co.kr,01026676281,X,
DX본부,정보보안팀,정보보안팀,222465,이시형,과장,팀장,sile2@ajnet.co.kr,01038533682,X
DX본부,정보보안팀,정보보안팀,224099,강혜원,사원,팀원,hyewon.kang@ajnet.co.kr,01090957448,X
DX본부,정보보안팀,정보보안팀,225155,하진우,사원,팀원,jinwoo.ha@ajnet.co.kr,01051079318,X,
DX본부,IT개발팀,IT개발팀,222461,이주연,차장,팀장,walktalk@ajnet.co.kr,01037961101,X
DX본부,IT개발팀,IT개발팀,223126,남지원,사원,팀원,njw10099@ajnet.co.kr,01099551822,X
DX본부,IT개발팀,IT개발팀,223241,조영우,사원,팀원,jyw0714@ajnet.co.kr,01087318025,X
DX본부,IT개발팀,IT개발팀,223271,박다은,사원,팀원,pde0111@ajnet.co.kr,01020675205,X